-- Dev seed data.
-- Idempotent: re-running resets the catalog + order history to the baseline
-- below. Safe to run many times against a dev DB. DO NOT run in production.
--
-- Usage: paste into the Supabase SQL editor and run.
--
-- Contents after seeding:
--   3 products × 2 colors × 2–3 sizes = 14 variants
--   4 product images (placeholder URLs)
--   1 bundle ('Ранкова свіжість'), 3 bundle items, 1 bundle image
--   1 sample order placed via create_order (stock decremented accordingly)

truncate
  order_items, orders,
  bundle_items, bundle_images, bundles,
  product_images, variants, product_colors, products
restart identity cascade;

-- Products --------------------------------------------------------------

insert into products (id, name, description, category) values
  ('10000000-0000-0000-0000-000000000001',
   'Простирадло на резинці',
   '100% бавовна ранфорс. М''яке, не електризується, витримує багато прань.',
   'bedding-sheets'),
  ('10000000-0000-0000-0000-000000000002',
   'Підковдра',
   '100% бавовна ранфорс. На зіпер, розміри стандарт Україна.',
   'bedding-duvets'),
  ('10000000-0000-0000-0000-000000000003',
   'Наволочка',
   '100% бавовна ранфорс. На конверт або на зіпер — обирайте розмір.',
   'bedding-pillowcases');

-- Colors ----------------------------------------------------------------

insert into product_colors (id, product_id, name, hex) values
  ('20000000-0000-0000-0000-000000000011', '10000000-0000-0000-0000-000000000001', 'Молочний', '#F5F0E6'),
  ('20000000-0000-0000-0000-000000000012', '10000000-0000-0000-0000-000000000001', 'Пісочний', '#D9C2A3'),
  ('20000000-0000-0000-0000-000000000021', '10000000-0000-0000-0000-000000000002', 'Молочний', '#F5F0E6'),
  ('20000000-0000-0000-0000-000000000022', '10000000-0000-0000-0000-000000000002', 'Пісочний', '#D9C2A3'),
  ('20000000-0000-0000-0000-000000000031', '10000000-0000-0000-0000-000000000003', 'Молочний', '#F5F0E6'),
  ('20000000-0000-0000-0000-000000000032', '10000000-0000-0000-0000-000000000003', 'Пісочний', '#D9C2A3');

-- Variants (prices in kopecks; 1 UAH = 100 kop) -------------------------

-- Sheet: Односпальний / Двоспальний / Євро × 2 colors
insert into variants (id, product_id, color_id, size, width_cm, length_cm, price, stock_quantity) values
  ('30000000-0000-0000-0000-000000000111', '10000000-0000-0000-0000-000000000001', '20000000-0000-0000-0000-000000000011', 'Односпальний',  90, 200,  69000, 10),
  ('30000000-0000-0000-0000-000000000112', '10000000-0000-0000-0000-000000000001', '20000000-0000-0000-0000-000000000012', 'Односпальний',  90, 200,  69000, 10),
  ('30000000-0000-0000-0000-000000000121', '10000000-0000-0000-0000-000000000001', '20000000-0000-0000-0000-000000000011', 'Двоспальний',  160, 200,  89000, 10),
  ('30000000-0000-0000-0000-000000000122', '10000000-0000-0000-0000-000000000001', '20000000-0000-0000-0000-000000000012', 'Двоспальний',  160, 200,  89000, 10),
  ('30000000-0000-0000-0000-000000000131', '10000000-0000-0000-0000-000000000001', '20000000-0000-0000-0000-000000000011', 'Євро',         200, 220, 109000, 10),
  ('30000000-0000-0000-0000-000000000132', '10000000-0000-0000-0000-000000000001', '20000000-0000-0000-0000-000000000012', 'Євро',         200, 220, 109000, 10);

-- Duvet: Двоспальний / Євро × 2 colors
insert into variants (id, product_id, color_id, size, width_cm, length_cm, price, stock_quantity) values
  ('30000000-0000-0000-0000-000000000221', '10000000-0000-0000-0000-000000000002', '20000000-0000-0000-0000-000000000021', 'Двоспальний', 175, 210, 129000, 10),
  ('30000000-0000-0000-0000-000000000222', '10000000-0000-0000-0000-000000000002', '20000000-0000-0000-0000-000000000022', 'Двоспальний', 175, 210, 129000, 10),
  ('30000000-0000-0000-0000-000000000231', '10000000-0000-0000-0000-000000000002', '20000000-0000-0000-0000-000000000021', 'Євро',        200, 220, 149000, 10),
  ('30000000-0000-0000-0000-000000000232', '10000000-0000-0000-0000-000000000002', '20000000-0000-0000-0000-000000000022', 'Євро',        200, 220, 149000, 10);

-- Pillow: Стандарт / Квадрат × 2 colors
insert into variants (id, product_id, color_id, size, width_cm, length_cm, price, stock_quantity) values
  ('30000000-0000-0000-0000-000000000311', '10000000-0000-0000-0000-000000000003', '20000000-0000-0000-0000-000000000031', 'Стандарт', 50, 70, 29000, 20),
  ('30000000-0000-0000-0000-000000000312', '10000000-0000-0000-0000-000000000003', '20000000-0000-0000-0000-000000000032', 'Стандарт', 50, 70, 29000, 20),
  ('30000000-0000-0000-0000-000000000321', '10000000-0000-0000-0000-000000000003', '20000000-0000-0000-0000-000000000031', 'Квадрат',  70, 70, 35000, 20),
  ('30000000-0000-0000-0000-000000000322', '10000000-0000-0000-0000-000000000003', '20000000-0000-0000-0000-000000000032', 'Квадрат',  70, 70, 35000, 20);

-- Product images (placeholder URLs; color-scoped to the Молочний variant) ----

insert into product_images (product_id, color_id, url, alt, position) values
  ('10000000-0000-0000-0000-000000000001', '20000000-0000-0000-0000-000000000011', 'https://placehold.co/800x600/F5F0E6/333333?text=Простирадло+Молочний', 'Простирадло молочного кольору', 0),
  ('10000000-0000-0000-0000-000000000001', '20000000-0000-0000-0000-000000000012', 'https://placehold.co/800x600/D9C2A3/333333?text=Простирадло+Пісочний', 'Простирадло пісочного кольору', 1),
  ('10000000-0000-0000-0000-000000000002', '20000000-0000-0000-0000-000000000021', 'https://placehold.co/800x600/F5F0E6/333333?text=Підковдра+Молочна',  'Підковдра молочного кольору',  0),
  ('10000000-0000-0000-0000-000000000003', '20000000-0000-0000-0000-000000000031', 'https://placehold.co/800x600/F5F0E6/333333?text=Наволочка+Молочна',  'Наволочка молочного кольору',  0);

-- Bundle -----------------------------------------------------------------

insert into bundles (id, name, description, category, discount_percent) values
  ('40000000-0000-0000-0000-000000000001',
   'Комплект "Ранкова свіжість"',
   'Простирадло + підковдра + 2 наволочки. Все в молочному кольорі, розмір двоспальний.',
   'bedding-sets',
   15);

-- Bundle items (one row per unique SKU; pillow quantity = 2)
insert into bundle_items (bundle_id, product_id, variant_id, quantity, position) values
  ('40000000-0000-0000-0000-000000000001', '10000000-0000-0000-0000-000000000001', '30000000-0000-0000-0000-000000000121', 1, 0),  -- sheet Двоспальний Молочний
  ('40000000-0000-0000-0000-000000000001', '10000000-0000-0000-0000-000000000002', '30000000-0000-0000-0000-000000000221', 1, 1),  -- duvet Двоспальний Молочний
  ('40000000-0000-0000-0000-000000000001', '10000000-0000-0000-0000-000000000003', '30000000-0000-0000-0000-000000000311', 2, 2);  -- pillow Стандарт Молочний × 2

insert into bundle_images (bundle_id, url, alt, position) values
  ('40000000-0000-0000-0000-000000000001',
   'https://placehold.co/800x600/F5F0E6/333333?text=Ранкова+свіжість',
   'Комплект Ранкова свіжість',
   0);

-- Sample order via the RPC (exercises create_order end-to-end) -----------

select create_order(
  'Ольга Шевченко',
  'olha@example.com',
  '+380501234567',
  '{"delivery_type": "nova_poshta_branch", "city": "Київ", "branch": "Відділення №42"}'::jsonb,
  jsonb_build_array(
    jsonb_build_object(
      'product_id',  '10000000-0000-0000-0000-000000000001',
      'variant_id',  '30000000-0000-0000-0000-000000000131',  -- sheet Євро Молочний
      'quantity',    1
    ),
    jsonb_build_object(
      'product_id',  '10000000-0000-0000-0000-000000000003',
      'variant_id',  '30000000-0000-0000-0000-000000000321',  -- pillow Квадрат Молочний
      'quantity',    2
    )
  )
);
